0,1
Immunizations,3222
Medicine and Healthcare,3123
COVID-19 (2019-2020),2337
Immunology,1705
Infectious Diseases,999
Health,905
COVID-19 Vaccine,772
Pharmaceuticals,727
Vaccines,699
Anti-Vaccine Movement,451
Medical Conditions and Diseases,372
Survey Question,336
Covid-19 Vaccine Roll-out and Distribution,268
Virology,245
The United States of America,226
Politics of the United States of America,209
The United Kingdom,174
India,153
Pfizer (company),141
"Donald Trump (politician, business person)",130
Countries of the World,114
AstraZeneca / Oxford Vaccine AZD1222 (COVID-19),100
Side Effects,95
BioNTech-Pfizer COVID-19 Vaccine,90
Human Behavior,88
Personal Question,87
International Relations,85
Masks,85
China,84
Immune System,83
Understanding Human Behavior,83
Hypothetical Scenarios,82
European Union,81
Medicine and Healthcare in India,79
Russia,77
Flu Shots,75
Healthcare and Medicine in the United States of America,74
Children,74
Drug and Pharmaceutical Companies,74
Joe Biden (politician),65
Europe,63
Preventive Medicine,62
Medical Advice,60
Safety of COVID-19 Vaccines,56
Politics,56
Sputnik V Vaccine (Russia),54
Epidemiology,53
International Travel,51
Passports,49
Death and Dying,45
Doctors,45
Centers for Disease Control and Prevention,45
Medical Research,44
Viruses (biology),44
Pandemics,44
Messenger RNA (mRNA),43
Johnson & Johnson COVID-19 Vaccine (USA),43
COVID-19 in the USA,41
2015 Vaccination Debate and Measles Outbreak,41
Immunity (biology),39
mRNA-1273 (Moderna Covid vaccine),38
Government,38
Blood Clots,38
Drug Development,37
US Food and Drug Administration,37
Influenza,36
Politics of India,36
Law,35
Rabies Vaccine,34
AstraZeneca (company),34
Visiting and Travel,34
Parenting,33
Republican Party (US politics),32
COVID-19 in India,31
Drug Effects,31
Legal Issues and Law in Everyday Life,30
Johnson & Johnson (company),30
Parents,29
COVID-19 Vaccinations,29
Science,29
Politics of the United Kingdom,29
COVID-19 Variants (Strains),28
Public Health and Safety,28
Populations,28
Vaccine Research and Development,26
Clinical Trials,26
Life and Living,26
World Health Organization (WHO),26
Trump-Pence 2016,26
Antibodies,26
Psychology of Everyday Life,25
RNA,24
American Ethnicity and People,24
Life Advice,23
Rabies,23
Indian Ethnicity and People,23
Fear,23
Canada,23
Narendra Modi,23
Interpersonal Interaction,23
Biology,22
Conspiracy Theories,22
Experiences in Life,22
Nurses,22
Mutation and Mutations (genetics),21
Polio,21
Philosophy of Everyday Life,21
COVID-19 IN UK,21
Passports and International Travel,21
COVID-19 Pandemic,20
Medical Professions and Professionals,20
Molecular Biology,20
Genetics and Heredity,19
Belief and Beliefs,19
European Union and the United Kingdom,19
EU COVID-19 Vaccine Fiasco,19
CoVaxIn (Bharat COVID-19 vaccine),18
Religion,18
Statistics (collected data),18
Great Britain,18
Government of India,18
Allergies,18
Israel,18
Covishield Vaccine (India),17
Moderna Therapeutics,17
Donald Trump Supporters,17
Ethics,17
Jobs and Careers,17
Africa,17
Germany,17
Covid Vaccination Passport,17
Blood,17
Veterinary Medicine,16
Pets,16
Teenagers and Teenage Years,16
Democratic Party (US politics),16
Christianity,16
Bharatiya Janata Party (BJP),16
Employers,15
Scientists,15
mRNA Vaccines,15
Medical Ethics,15
COVID-19 Delta Variant,15
Cancer (disease),14
Pharmacology,14
Health Advice,14
FDA Approvals,14
HIV,14
Protection,14
Injections,14
Human Body,14
Human Biology,14
History,13
Mandatory Vaccination,13
Career Advice,13
Dogs (pets),13
Presidents of the United States of America,13
Nursing,13
Air Travel,13
Government of the United Kingdom,13
COVID-19 Coronavirus Conspiracy Theories,13
Bans and Banning,13
Risk and Risks,12
Family,12
Demographics,12
Trump and the Coronavirus,12
Pregnancy,12
United Kingdom's Exit from the European Union (Brexit),12
Asia,12
Military,11
Australia,11
Hospitals,11
Education,11
Personal Experiences,11
Medical Treatments,11
Face Masks (protective gear),11
Pakistan,11
Christians,11
Manufacturing,11
Health Insurance,11
Senior Citizens,11
Human Rights,11
Question That Contains Assumptions,10
Developing Countries,10
Schools,10
Illness,10
The Human Race and Condition,10
DNA,10
Companies,10
Politicians and Government Leaders,10
Health Tips,10
Trump Administration (2017-2021),10
Microchips,10
The White House,10
Family Relationships and Dynamics,10
Obstetrics and Gynecology,10
Patents,10
2nd Dose of COVID-19 Vaccine,10
Business,9
Polio Vaccine,9
Persuasion,9
Skepticism,9
Morals and Morality,9
Chinese Ethnicity and People,9
National Health Service (NHS),9
Money,9
Teachers,9
Healthcare and Medicine in the United Kingdom,9
United States Armed Forces,9
Israeli–Palestinian Conflict,9
Politics of Europe,9
France,9
Government in the United States of America,8
Biotechnology,8
Coping with and Overcoming Fear,8
Probability (statistics),8
AIDS,8
US Presidential Elections,8
Vaccine Safety,8
Technology,8
COVID-19 in Canada,8
Needles & Syringes,8
Pediatrics,8
Cancer Treatment,8
Danger and Dangers,8
Tourism,8
Infections,8
Airlines,8
Exports,8
Lies and Lying,8
COVID-19 Alpha Variant,8
Palestine,8
Visas (entry/exit permits),8
COVID-19 Vaccine Trials,7
COVID-19 Quarantines & Restrictions,7
Cats (domestic),7
Colds and the Common Cold,7
Brazil,7
Shingles (herpes zoster),7
Failure,7
Veterinarians,7
Bill Gates,7
International Economics,7
Scientific Research,7
Health Care Policy,7
Herd Immunity,7
Medical Symptoms,7
Freedom,7
Employees,7
History of Medicine,7
Sinovac Vaccine (Coronavac),7
Quarantines,7
Boris Johnson (Prime Minister of the United Kingdom),7
Japan,7
2020 (year),6
"Measles, Mumps, Rubella Vaccine",6
Free Products,6
Stocks (finance),6
Mothers,6
University of Oxford,6
Complementary and Alternative Medicine,6
Anthony S. Fauci (Immunologist),6
Cells (biology),6
Vladimir Putin,6
Economics,6
Science of Everyday Life,6
COVID-19 Research,6
COVID-19 Prevention,6
Vaccines and Autism,6
Autism,6
Mandatory,6
Society,6
Animals,6
Effectiveness,6
Social Media,6
Prime Minister of India,6
Cancer Vaccines,6
Firing,6
China COVID-19 Vaccines,6
Allergic,6
Costs,6
Mark of the Beast,6
Vaccinated,6
Fitness,6
Smallpox,6
Aging,6
Theory and Theories,6
British People and Ethnicity,6
South Africa,6
Vaccine Hesitancy,6
Italy,6
Import/Export,6
Rand Paul (politician),6
Litigation and Lawsuits,6
Patent Law,6
Oncology,5
Stock Markets,5
Pneumonia,5
Wealthy People and Families,5
The Bible,5
Life After Covid 19,5
COVID-19 Masks and Protection,5
Diplomacy and Diplomats,5
Tetanus,5
Fraud,5
Women's Health,5
Age,5
Chickenpox,5
Proteins (biochemistry),5
Comparisons,5
Law and Medicine,5
EU Referendum in the UK (June 2016),5
Trump Presidency (2017-2021),5
Anxiety,5
Safety,5
Ingredients,5
England,5
Food Allergies,5
Emotions,5
Cancer Research,5
Personal Medical Question,5
God,5
Teaching,5
Statistics (academic discipline),5
Akhilesh Yadav (Indian politician),5
"Uttar Pradesh, India",5
State of Palestine,5
India–Pakistan Relations,5
Foreign Relations of the European Union,5
European Ethnicities and People,5
Healthcare and Medicine in Canada,5
Sinopharm COVID-19 Vaccine,5
Denmark,5
Controversies,5
Manners and Etiquette,5
Social Advice,5
Smallpox Vaccine,5
Florida (state),5
Colleges and Universities,5
Intellectual Property,5
Federal Government of the United States,4
Scams,4
Oxford Vaccine Group,4
Nationalism,4
Investing,4
Social Movements,4
COVID-19 Vaccines (India),4
COVID-19 Vaccine Comparison,4
Invention and Inventions,4
Polio Treatment,4
Economics of Everyday Life,4
Prices,4
Pricing,4
Research,4
Warfare,4
Psychology,4
Infertility,4
US - China Relations,4
Causes of Autism,4
Tetanus Vaciens,4
Tetanus Vaccine,4
Employment Law,4
2020 U.S. Presidential Campaign and Election,4
Placebos,4
BioNTech,4
Consent,4
Work,4
Genetic Engineering,4
Medical Sciences,4
Food and Drug Administration (general),4
Cell Biology,4
Antibiotics,4
E-Commerce,4
Worrying,4
Pharmaceutical Manufacturing,4
Queen Elizabeth II,4
Rumors,4
Arguments and Argumentation,4
Developed Countries,4
Religious Beliefs,4
Country Comparisons,4
Indian National Congress,4
Indonesia,4
U.S. Republicans,4
Race and Ethnicity,4
Babies,4
Palestinians,4
India–Pakistan Rivalry,4
International Relations of Pakistan,4
NVX-CoV2373 (novavax),4
Protests,4
Tylenol,4
Students,4
International Trade,4
Immigration,4
Diabetes,4
Smoking,4
Lockdowns,4
Visiting and Travel in Europe,4
Fever,4
Measles,4
Hematology,4
Truth,4
Dating and Relationships,4
Canada and the United States of America,4
Child Development,4
U.S. Passports,4
Texas (state),4
Higher Education,4
Shortages,4
Incentives (economics),4
Illegal and Illicit Activities,4
COVID-19 in Australia,3
Patanjali Ayurved Limited (company),3
Health Risks,3
Discoveries,3
Political Campaigns,3
Situations,3
Airplanes,3
Serum Institute of India,3
COVID-19 Demographics and Statistics,3
Fetuses,3
Exams and Tests,3
Politics of Russia,3
Misinformation,3
Evolutionary Biology,3
Puppies,3
Reactions,3
Culture of the United States of America,3
Ebola (Disease),3
Poverty,3
Apocalyptic and Post-Apocalyptic Hypothetical Scenarios,3
Menstruation,3
Visiting and Travel Advice,3
Kittens,3
Healing,3
Vaccine Trials,3
British Monarchy,3
Trust,3
Barack Obama (politician),3
"Bihar, India",3
"Needles, CA",3
Compulsory,3
Chief Executive Officers,3
Long-term Side Effects,3
Psychics,3
Problem Solving,3
Phrase Definitions,3
Pregnant Women,3
Getting Pregnant,3
Microbiology,3
Dog Breeds,3
Vaccine Efficacy,3
U.S. Constitution,3
Neuroscience,3
Clothing and Apparel,3
Alaska (state),3
Blood Donation,3
1950s,3
Jehovah's Witnesses,3
Decision Making,3
Strength Training and Weightlifting,3
Working Out,3
Exercise,3
New York City,3
Mercury (element),3
Singapore,3
Reason,3
Hungary,3
Foreign Policy of India,3
Restrictions,3
Politics of China,3
Rights,3
Data,3
School Teachers,3
Hoarding and Hoarders,3
Impact of Brexit,3
Facebook (product),3
Social Welfare,3
Charitable Giving,3
Efficacy (clinical medicine),3
Headaches,3
Wearing Face Masks,3
Protocols (system of rules),3
U.S. Army,3
Hypocrisy,3
Prime Ministers,3
20s (age),3
Politics of the European Union,3
Harm,3
U.S. Senators,3
Social Psychology,3
Autoimmune Conditions and Diseases,3
Pubs,3
Hotels,3
"Karnataka, India",3
College and University Admissions,3
Pain (sensation),3
U.S. Marine Corps,3
CNN (TV network),3
Rahul Gandhi (politician),3
Cardiology,3
Relationship Advice,3
Tucker Carlson,3
Health Insurance Portability and Accountability Act (HIPAA),3
New Delhi,3
U.S. Constitutional Law,3
Lotteries,3
Aam Aadmi Party,3
Magnetism,3
Bharat Biotech International (company),2
August (month),2
Product Launches,2
New Zealand,2
Do It Yourself (DIY),2
COVID-19 Treatments,2
September (month),2
Halal,2
COVID-19 in Russia,2
Government of China,2
Homeschooling,2
Public Education,2
Mass Production,2
Investment Advice,2
Aviation,2
Marketing,2
mRNA Covid Vaccines,2
Cat Health,2
Joke Question,2
Catholics,2
Catholicism,2
MMR Vaccine Controversy,2
Russian Ethnicity and People,2
Journalism,2
USA – Russia Relations,2
Daughters,2
Military History and Wars,2
Animal Vaccinations,2
Autism Spectrum Disorders,2
Cold Storage,2
Polls,2
Anti-Trump Sentiment,2
COVID-19 Testing and Test Kits,2
Healthy Living,2
Wealth,2
Hoaxes,2
Goals,2
United Nations,2
Microchip Technology (company),2
Philosophy,2
Humans,2
Human Evolution,2
Disease Eradication,2
Anti Rabbies Vaccine,2
Dog Bites,2
Political Conservatism,2
Lyme Disease,2
H1N1 (Swine Flu),2
Vaccinovigilance,2
Sports,2
Covid Long Haulers,2
Genetically Modified Organisms (GMO),2
Prions,2
Democracy,2
The New York Times,2
Challenges,2
Canine Veterinary Medicine,2
Inject,2
Self-Improvement,2
2021 (year),2
Liability,2
Measurements,2
Understanding and Improving Mental Health,2
Mental Health,2
Amazon.com (product),2
Amazon (company),2
The World,2
Nursing Homes,2
CVS Pharmacy,2
The Economy of the United States of America,2
Experiments,2
The Boss,2
Bosses,2
Workplace and Professional Etiquette,2
Human Resources,2
Shipping,2
The British Royal Family,2
Phobias,2
Behavioral Psychology,2
Internet Privacy,2
Neurology,2
Human Brain,2
Miracles,2
Preventions,2
Executive Orders,2
Precautions,2
Experience,2
Facial Mask (skin care),2
Fashion and Style,2
Second Wave of COVID-19 Cases,2
Doubt,2
Scars and Scarring,2
Systemic Lupus Erythematosus,2
Vaccine Adverse Reactions,2
Fainting (syncope),2
Allergic Reaction,2
Emergency Medicine,2
Bible Study,2
Jesus,2
Effectivity,2
Sin,2
Planning,2
Breastfeeding,2
100 Million COVID-19 Vaccines,2
Time (physics),2
Atheism,2
Homeopathy,2
Pharmacists,2
Nanotechnology,2
Success Rates,2
Muscles,2
Personal Thoughts,2
Suspicion,2
Disability and Disabilities,2
Western Civilization,2
Pros and Cons,2
Merck (company),2
COVID-19 Lockdown in India,2
European Countries,2
Easter,2
National Holidays and Common Celebrations,2
Viral Diseases,2
Childhood Vaccinations,2
Medical Tests,2
Blood Tests,2
Western Nations,2
The United Arab Emirates,2
Growth,2
Wearing Masks,2
Social Distancing,2
Less Effective,2
New COVID-19 Strains,2
Hypothetical Battles,2
Ibuprofen,2
Analgesics and Painkillers,2
Scotland,2
Northern Ireland,2
The Republic of Ireland,2
Ireland (island),2
Objections,2
Pre-Existing Conditions,2
Taxes,2
Social Media Marketing,2
Belgium,2
Georgia (US state),2
Civil Rights,2
Gene Therapy,2
Effects,2
Justin Trudeau (Politician),2
Immigrants,2
Immigration to the United States of America,2
Hospitality Industry,2
Self-Confidence,2
Obesity,2
anti-AstraZeneca Sentiment,2
Chemistry,2
Flying,2
Medical Appointments,2
Hygiene,2
Foreign Countries,2
Republicans (non-specific),2
Democrats (non-specific),2
Newborns,2
Childbirth,2
Bribery,2
Ethics and Morality,2
Angela Merkel (German politician),2
Adverse Drug Reactions,2
Purpose,2
Turkey (country),2
Conservative Party (UK politics),2
Advil,2
Causes of Death,2
Sean Hannity,2
Air Travel Safety,2
Placebo Effect,2
Eating,2
Food,2
UK Vaccines,2
Tachycardia,2
Miscarriages,2
Mortality Rates,2
Politics of Germany,2
Human Memory,2
U.S. Senate,2
Person Identification,2
Refusal,2
Debate,2
Greed,2
United Kingdom Votes to Leave the EU (June 2016),2
Trolls and Trolling on Quora,2
Vaccine Diplomacy,2
Foreign Policy,2
Culture of China,2
Vaccinated People,2
Fox News (cable news network),2
Marjorie Taylor Greene,2
Voting,2
Summer,2
Ron DeSantis (U.S. politician),2
Survival,2
Smokers,2
Sputnik Space Program,2
The College and University Experience,2
COVID-19 Vaccine Card,2
Marine Corps (non-specific),2
Marines (undefined),2
Evangelicalism,2
Superpowers (International Politics),2
Modi Government,2
Quora (product),2
Walmart (company),2
Insurance Companies,2
Insurance,2
Evictions,2
Visiting and Travel in India,2
Caring,2
White People,2
Restaurants,2
Clinics,2
Youth,2
Private Schools,2
HIPAA Laws,2
Joe Rogan (sports commentator and comedian),2
"Bengaluru, Karnataka, India",2
Longevity,2
Autoimmunity,2
Airports,2
Rural Development,2
Intellectual Property Law,2
Foreign Policy of the United States of America,2
Dosage,2
Adulthood,2
Appointment,2
Booking and Reservation Systems,2
People of Canada,2
Laws in the United States of America,2
English (language),2
Medical Records,2
Interpretations of Human Behavior,2
Dr. K.K. Aggarwal,2
Politicians and Government Officials of India,2
Intelligence Quotient,2
Trypanophobia (fear of needles),2
Anticoagulants (blood thinners),2
Security,2
Taiwan,2
Vocabulary of the English Language,2
"Punjab, India",2
Fathers,2
Jobs and Careers in Nursing,2
Black People,2
Family Expectations,1
Biotechnology in India,1
Falling,1
Delay,1
"Independence Day, August 15 (India)",1
Indian Council of Medical Research,1
Civilization,1
COVID-19 in New Zealand,1
Post Covid-19 World,1
Homemade Items,1
Homes and Houses,1
Coronil (Patanjali product),1
Certainty,1
Haram,1
Islam,1
Stye,1
Eyelid,1
Eyes,1
I.M. Sechenov First Moscow State Medical University,1
COVID-19 Immunity,1
Russian Hackers,1
Hackers,1
BCG Vaccine for Tuberculosis,1
The Boston Consulting Group,1
Management Consulting,1
1918 Flu Pandemic (Spanish Flu),1
School Children,1
Education in the United States of America,1
April 2021,1
Availability,1
Young Voices,1
Patriotism and Allegiance,1
Investing in the Stock Market,1
Future Scenarios,1
Government Funding,1
Decline,1
Status,1
Status (sociology),1
Future of India,1
Satellites,1
Indian Space Research Organisation (ISRO),1
Aircraft,1
The Economy of India,1
Russian (language),1
Backup Plans,1
Patanjali Products,1
Product Marketing,1
Ayurveda,1
Products,1
Health (iOS App),1
Thyroxine (T4),1
Nootropics,1
Paralysis,1
Heroes,1
Travel Vaccinations,1
Googlers (Google employees),1
Telecommuting and Working Remotely,1
Google (company),1
Drug Mechanism of Action,1
Feline Combo Vaccine,1
Pet Health,1
Fast-tracked COVID-19 Vaccine,1
Third World,1
Billionaires,1
Mindset,1
Intellectual Disabilities,1
School Requirements,1
Catholic Churches,1
Louis Pasteur,1
Problems,1
Covid-19 Vaccine Research,1
HPV Vaccine,1
Human Papilloma Virus (HPV),1
Amish (religious group),1
Russia–India Relations,1
India and Russia,1
National Eligibility cum Entrance Test (NEET),1
Joint Entrance Examination Main,1
JEE Preparation,1
Indian Institutes of Technology,1
Joint Entrance Examination,1
The Philippines,1
History of Russia,1
Russia (Country),1
The Cold War,1
Moments,1
Learning About International Relations,1
Vaccine Approval,1
Bonuses,1
Scenario,1
Worst Case Scenarios,1
Prescription Medication,1
Dog Training,1
Operation Warp Speed (vaccine research),1
Masters in Public Health,1
Parenting Advice,1
Christmas,1
World Population,1
Drug Safety,1
Severe Acute Respiratory Syndrome (SARS 2003),1
Serology,1
Pneumococcal Vaccine,1
Caregiving,1
Certified Nursing Assistant,1
Caregivers,1
Refrigeration,1
Refrigerators,1
Food Safety,1
Saving Lives,1
Elon Musk,1
Pet Care,1
Advice About Pets,1
Bioethics,1
Current Events in Medicine and Health,1
Cyrus S. Poonawalla,1
Cyrus of Persia (historical figure),1
Kings (royalty),1
History of India,1
Historical India,1
Fame and Mass Popularity,1
Nancy Pelosi (politician),1
Vaccine Testing,1
Trump 2020,1
Liberalism (politics),1
Information,1
Clinical Trials Company for Drug Development,1
Manifestos,1
Quora Partner Program (QPP),1
Vaccine Release,1
Mike Pence (politician),1
Medical Research Studies,1
College Sports,1
Private Company Revenues,1
Revenue,1
COVID-19 in Brazil,1
Biotechnology Companies,1
Molecular Biology Research in Depth,1
Refusing,1
Sixth Sense (psychic sense),1
Species,1
Eternity,1
Immortality,1
Bragging,1
Blueprints,1
Obsolete Technologies,1
Competitive Advantage (business),1
Fahrenheit,1
Temperature,1
Finance,1
Pregnancy Advice,1
Against COVID Vaccine,1
Fallacy of Presumption,1
Pomeranians,1
Trustworthy,1
Health Issues,1
First Responders,1
Clairvoyance,1
Breakthroughs,1
Hope and Hopes,1
American Companies,1
Colleges and Universities in the United Kingdom,1
Promising,1
News Media,1
Prioritization,1
Volunteering,1
Western Resistance,1
Clinical Testing,1
Psychiatry,1
Mental Illness,1
Amazon Employees,1
Working at Amazon,1
White House Press Corps,1
Walgreens,1
Vaccine Distribution,1
COVID-19 in China,1
Population of India,1
Distrust,1
Senior Health,1
Medical Law,1
U.S. Department of Homeland Security,1
Bill Clinton,1
George W. Bush,1
Evolution (process),1
US National Task Force for COVID-19,1
Dry Ice,1
Raw Materials,1
Health Care System,1
Healthcare Systems,1
Depopulation,1
U.S. Companies,1
Invasion of Privacy,1
Privacy,1
Blood-Brain Barrier,1
Brain Damage,1
Executive Orders of Donald Trump,1
Symptoms (general),1
Co-WIN Application,1
Registration,1
Software and Applications,1
Mobile Applications,1
Celebrities,1
mRNA Technology,1
Traditional Methods,1
December (month),1
Limits,1
Vaccine Storage,1
Pro-vaccine,1
Fatalities,1
Business Competition,1
Stimulus (economics),1
Economic Stimulus,1
U.S. Dollar,1
1970s,1
West,1
Jimmy Carter,1
White House Staff,1
Coincidences,1
Fake (not real),1
Convincing,1
Alt-Right Movement and Ideology,1
"Dogs, Horses, Animal Transport, Violin, Guitar, Interior Decor",1
Rabbid Submarine,1
Reporters,1
Coughing,1
Understanding and Comprehension,1
Coronavirus Skeptics and Deniers,1
Conscience,1
China-Russia Relations,1
The Economy of China,1
Bible Questions,1
Poor Countries,1
Tiffany Pontes Dover,1
Is X Alive Or Dead?,1
US Citizens,1
Resistant,1
Normal,1
Wishes,1
COVID-19 in Ukraine,1
Russia–Ukraine Relations,1
Ukraine,1
Jehovah,1
Dexamethasone,1
Extinction,1
False Positives,1
Metal Chips,1
Reasons,1
Plagues,1
Bubonic Plague,1
Over 50,1
50s (age),1
Muslims,1
Feasible,1
Medical Devices,1
Devices,1
Promises,1
Shortcuts,1
Religion and Atheism,1
Atheists,1
Coronavirus Vaccine Distribution,1
Incompetence,1
Struggle,1
Nurse Practitioners,1
California (state),1
Day Care,1
Child Care,1
Frontline Workers,1
Delivery,1
Per Capita (PPP),1
Modern Medicine,1
Modern Science,1
Israelis,1
Tech Support,1
Pharmacovigilance,1
Current Events in U.S. News,1
Wisconsin (state),1
Delays,1
COVID-19 in Israel,1
World Leader,1
Hold Up,1
Learning New Things,1
"Ranchi, Jharkhand, India",1
Samajwadi Party (SP),1
Earth (planet),1
Planetary Science,1
Startup Strategy,1
Coronavirus Watch,1
Genetic Testing,1
Penicillin,1
Costs in India,1
Amputation,1
Amputees,1
Covid-19 in Indonesia,1
Oncologists,1
International Relations of Iran,1
Iran,1
Modi First Administration (2014 - 2019),1
Scarce Resource,1
U.S. Political Parties,1
China-Africa Relations,1
Foreign Policy of China,1
Documentation,1
Legal Documents,1
Documents,1
Asian People,1
Ethnic and Cultural Differences,1
Methamphetamine,1
Recreational Drugs,1
Kidneys,1
Death Case,1
Fake News,1
Propaganda,1
Vicious Cycle,1
Ebola Outbreak in W. Africa (Summer & Fall 2014),1
Stockpile,1
Contraindications,1
Conditions,1
Elders,1
Antigens,1
What Do the British Think Of,1
China–Pakistan Relations,1
Peanut Allergies,1
Ethical Dilemmas,1
COVID-19 Vaccines for All,1
Enough Production,1
Nepal,1
Western Culture,1
Obama Administration,1
COVID-19 Vaccine Side Effects,1
Stunted Growth,1
Human Growth Hormone,1
Height,1
Cruise Ships,1
Cruise Lines and Cruise Vacations,1
Cruises,1
Flu Shots Against COVID-19,1
Abortion,1
Switzerland,1
Therapeutics,1
Medical Technology,1
Hypothetical War Battles,1
Complications,1
Fascism,1
Classrooms,1
Painkillers,1
Nicola Sturgeon,1
Scottish National Party,1
Politics of Scotland,1
Scottish Independence,1
Politics of the Republic of Ireland,1
Safest,1
Los Angeles,1
Guantanamo Bay Military Detention Camp,1
Terrorists,1
Terrorism,1
Mass Vaccination,1
Stories,1
Photographs,1
EU Citizenship,1
Leaders,1
Efficiency (time management),1
Captain Sir Tom Moore,1
Victims,1
Phrase Origins,1
Origins,1
Senior Care / Elderly Care,1
60 (age),1
Free (general),1
Influencers,1
"Brussels, Belgium",1
Tanzania,1
Kenya,1
Disasters,1
Natural Disasters,1
Teachers' Unions,1
Health Care Worker,1
Politics of South Africa,1
Visiting and Travel in South Africa,1
Medical Students,1
Chances,1
COVID-19 Beta Variant,1
Politics of Canada,1
New Jersey (state),1
Citizenship,1
Motherhood,1
Social Class,1
Staff,1
Skipping,1
Luciferin,1
BBC (broadcaster),1
Bioinformatics,1
Intellectual Property Theft,1
Strokes (medical condition),1
Beneficiaries,1
Lifestyle,1
UAE Government,1
The Truth,1
Expatriates,1
July (month),1
Emergency Management,1
International Aid,1
Charities,1
Chemicals (commodities),1
90 (age),1
Misunderstandings,1
Efficacy,1
Emmanuel Macron (President of the French Republic),1
Arizona (state),1
Scheduling,1
Protesters,1
West Bank (Middle East),1
Social Workers,1
Liberty,1
Needle,1
Parenting Babies,1
Biblical Prophecies,1
Prophecies,1
COVID-19 Social Distancing,1
Organizations (corporate and non-profit),1
Organization,1
Ramadan,1
Institutes (organizations),1
Actuaries,1
Actuarial Science,1
Norway,1
Reject,1
The Czech Republic,1
Bishops,1
Waste Materials,1
Flights,1
Consequences,1
Australophobia,1
Military Bases,1
Military Service,1
NHS Professionals,1
Filipino Ethnicity and People,1
Backlash,1
Clinical Effectiveness,1
Bad Experiences,1
Intelligence Agencies,1
South America,1
Possibilities,1
Liquids,1
Product Comparison,1
Mandate (electoral),1
14th Amendment to the U.S. Constitution,1
Evidence,1
Adalet Ve Kalkınma Partisi,1
Recep Tayyip Erdoğan (politician),1
Labour Party (UK politics),1
Hypothetical Personal Situations,1
Justified,1
Abroad (foreign country),1
Produced,1
Sinful,1
Secret,1
Dolo 650,1
Melania Trump,1
Inactivated Vaccine,1
Developing Vaccines,1
G7 Group of Countries,1
Politicians and Government Leaders of China,1
Xi Jinping,1
Non-Vegetarian Food,1
Vegetarian Food,1
Satisfaction,1
Stage 3 Data,1
Parliament of Canada,1
Spain,1
Politically Motivated,1
Attacks,1
Marvelous Marvin Hagler (professional boxer),1
Boxers (sport),1
Professional Athletes,1
Boxing (sport),1
Mixed Martial Arts,1
Low Blood Pressure,1
Hypertension,1
Blood Pressure,1
Liberal Party (US),1
Hindutva (Political Hindu Ideology),1
Trump Orders Construction of Mexico Border Wall (January 2017),1
Iceland,1
Harmfulness,1
Forgetting,1
QAnon (conspiracy theory),1
EU Countries,1
Mitch McConnell (politician),1
Cerebral Hemorrhage,1
Facebook News Feed,1
Social Hangouts,1
Socializing,1
Trump Voters,1
Refuses,1
Weapons,1
Mathematics,1
Vaccine War,1
Damages,1
Manufacturing in the USA,1
Mexico,1
Foreign Policy of the United Kingdom,1
Prime Ministers of the United Kingdom,1
Options (choice),1
Prime Minister of Pakistan,1
Illegal Immigration,1
Blocking (internet),1
Making Money Online,1
Wanting and Making Money,1
Contractions,1
Capitalism,1
Africans,1
Russia–European Union Relations,1
Hugging,1
Medical Diagnoses,1
Schools in the United Kingdom,1
Landlords,1
Childhood Obesity,1
Nightclubs,1
Nightlife,1
Clubs (organizations),1
Bars,1
Pubs in London,1
Impeachment of Donald J. Trump,1
Complaints,1
Churches,1
States (geography),1
Global Britain,1
German Shepherd (Dog breed),1
Children and Families,1
Anthrax (disease),1
New York (state),1
Non Believers,1
Being Unsuccessful,1
Response,1
Bangladesh–India Relations,1
Bangladesh,1
Offices,1
Indian Passports,1
60s (age),1
German Ethnicity and People,1
Funding,1
Credit (recognition),1
Voter's ID Card,1
Voter Identification Laws,1
Presidents,1
Boys and Boyhood,1
Humanism,1
Monkey Virus,1
Central Intelligence Agency,1
The Economy,1
Anti-clotting Substance,1
Aspirin,1
Benefits,1
16 (age),1
Israeli-Palestinian Conflict in 2014,1
Ramifications,1
Travelers,1
Emergencies,1
Laminate,1
Workers,1
European Union and the United States of America,1
Female Reproductive System,1
Harming People,1
Transparency (general),1
Customers,1
Customer Service,1
Collectivism and Individualism,1
Collectivism,1
Individualism,1
"Word Definitions, Terminology, and Jargon",1
History of the United States of America,1
States and Union Territories of India,1
Spending Money,1
University of Notre Dame,1
Notre Dame de Paris,1
Skin Care,1
Dermatology,1
Medical Field,1
COVID-19 Celebrity and Personal Stories in the US,1
Law & Order SVU (TV series),1
Law and Order,1
Television Series,1
Safes,1
Illegal Immigrants,1
Social Security Card Number,1
Social Security,1
Sonia Gandhi (Italian-Indian politician),1
Ambition,1
Chicken (food),1
Sleep,1
Michigan (state),1
Bandages,1
Cancer Causes,1
Big Brother (character/symbol created by George Orwell in 1984),1
Effectivenes,1
Mind Control,1
Nervous,1
COVID-19 in France,1
Paris,1
Numbers (mathematics),1
North America,1
Rejection,1
Palpitations,1
Hearts (organ),1
Vulnerabilities,1
Emotional Vulnerability,1
Packaging and Containers,1
Secrets,1
Publicity,1
Board Exams,1
Indian Certificate of Secondary Education (ICSE),1
Education in India,1
"Central Board of Secondary Education, India",1
Exam and Test Preparation,1
"Welland, ON",1
"Brantford, ON",1
"Hamilton, ON",1
"Brampton, ON",1
"Niagara Falls, ON",1
"Mississauga, ON",1
Ontario,1
"Toronto, ON",1
18 (age),1
Wearing a Mask,1
Interstate Travel,1
Rationality,1
Regret,1
Mutable Signs (astrology),1
Earth Signs (astrology),1
Fire Signs (astrology),1
Belief in Astrologers and Astrology,1
Astrology,1
"Supreme Court,",1
Malaria,1
Economic Impact of COVID-19 in India,1
Higher Education in the United States of America,1
Colleges and Universities in the United States of America,1
Preventative Medicine,1
Hand Washing,1
COVID-19 in Germany,1
Biden Administration (2021-present),1
Surplus,1
Economic Sanctions,1
Toxicology,1
Apartheid,1
Neighbors,1
Right-Wing Politics,1
Vehicle Suspensions,1
Licensing,1
Driver's Licenses,1
Driving,1
Representative Lauren Boebert,1
Rep. Lauren Boebert,1
Political Commentators,1
Health Effects of Smoking,1
Sick Leave,1
Parental Leave,1
Employee Benefits,1
Getting Paid,1
Salaries and Wages,1
Air,1
Neurodegenerative Diseases,1
Vaccine Skepticism,1
Foreign Policy of Russia,1
Extended Family,1
Centner Academy,1
Miami,1
Homeowner Associations (HOA),1
Psychotherapy,1
The Joe Rogan Experience,1
Vaccine Dose,1
Viral Vectors,1
College Advice,1
Sook Jin Goh,1
Nutbox DeFi,1
Young People,1
Skeptics,1
Union Budget of India,1
Budgets (corporate and government),1
Health Misinformation,1
Impact,1
Reviews,1
Weightlifting (sport),1
National Security,1
Kentucky Derby,1
Kentucky (state),1
Horse Racing,1
CNN International,1
All India Institute of Medical Sciences (AIIMS),1
Chronic Migraines,1
Migraines,1
Golden Retrievers,1
Political Views,1
Opinions,1
Overcoming Anxiety,1
Social Anxiety,1
Hepatitis B Vaccine,1
Hepatitis B,1
Hepatitis,1
Arms,1
Bill and Melinda Gates Foundation,1
High School Education,1
Police Officers,1
Interacting with Police,1
Police Procedures,1
Police and Law Enforcement,1
Supply and Demand (economics),1
Lupus,1
Multiple Sclerosis,1
Life Expectancy,1
Aggression,1
Craft Beer,1
Beer,1
Alcohol Consumption,1
Days,1
Zoology,1
Ignorance,1
Weaknesses,1
Rural Living,1
Drug Patents,1
Heart Attacks,1
Death Cases,1
Allies,1
Foreign Relations of the United States of America,1
Strategy,1
Patentability,1
Conception,1
Vaccine Injury Act of 1986,1
Paytm (company),1
Online Payment Gateways and Processing,1
Royalties,1
Vitamins,1
Political Parties,1
Covid Vaccination CoWIN Portal,1
Tricks,1
Working in Canada,1
Building Managers,1
Control,1
Circumstances,1
Efficacy Rate,1
Recreational and Leisure Activities,1
Capital Punishment,1
College and University Faculty,1
Parental Consent,1
Healthcare Reform,1
Sarah Huckabee Sanders,1
Libertarianism (politics),1
Dining,1
Curevac Vaccine,1
CureVac,1
Curiosity,1
Import/Export in India,1
Course of Action,1
Mask Mandate,1
Tenders,1
Politics of Andhra Pradesh,1
Bifurcation of Andhra Pradesh (June 2014),1
"Andhra Pradesh, India",1
Time (philosophy),1
The Future,1
Ancient History,1
Financial Incentives,1
Rules and Guidelines,1
Serbia,1
Israel and the Gaza Strip,1
Gaza Strip,1
Rural India,1
Internet in India,1
Mobile Technology,1
The Internet,1
Smartphones,1
Fashion Trends,1
Trends,1
Europe and the United States of America,1
Bill Maher (comedian),1
Retail,1
Peace Deals,1
Nobel Peace Prize,1
The Middle East,1
Grammar,1
English Grammar,1
Gambling,1
"Oxford, Oxfordshire, UK",1
Blood Types,1
Diarrhea,1
Medicaid,1
Visiting and Travel in Canada,1
Immigration to Canada,1
Human and Animal Senses,1
Taste (sense),1
Smell and Smells,1
Understanding Emotions,1
Metals,1
Web Development,1
Dr. KK Agarwal,1
Cheating (general),1
Convalescent Plasma Therapy for COVID-19,1
International Red Cross and Red Crescent Movement,1
Canada-U.S. Border,1
Privilege,1
Ex-wives and Ex-Husbands,1
Taking Advantage,1
Second-Hand Smoke,1
Surgery,1
Vaccine Shot,1
Diabetics,1
Outcasts,1
Sociology of Everyday Life,1
Arm,1
Delhi,1
Hesitation,1
Linguistics,1
Language,1
Force (compulsion),1
Vitamin D,1
"Karl Marx (philosopher, author, economist)",1
Libertarian Party (US politics),1
Alcoholic Beverages,1
Seasons,1
UNICEF,1
Long-Term Effect,1
Manufacturers,1
The Workplace,1
Visiting and Travel Advice in India,1
Hotel Recommendations,1
William Shakespeare,1
Vaccine Teams,1
"Madhya Pradesh, India",1
Villages,1
Germs,1
Virologists,1
Public Health (college major),1
Personal Goals,1
Husbands and Wives,1
Marriage Advice,1
Freebies,1
Cross-Strait Relations (Mainland China and Taiwan),1
Social Media Strategy,1
Financial Crises,1
Crises,1
Prakash Javadekar,1
Perspective,1
Confidentiality,1
Relationships,1
Theoretical Concerns,1
Long Term Effects,1
Important Life Lessons,1
Seychelles,1
Saving and Healing the World,1
Harvard College,1
Harvard University,1
Fully Vaccinated People,1
Global Health,1
Healthy Eating,1
Stay-At-Home Mothers,1
Vouchers,1
Manohar Lal Khattar (politician),1
"Haryana, India",1
Vaccine Production,1
Macroeconomics,1
PakVac (COVID-19 Vaccine),1
Deities (gods),1
Net Worth,1
Paid Time Off (PTO),1
Low IQ,1
IQ Testing,1
Intelligence,1
Vaccine Policy,1
Discourages,1
Bruises,1
Friendship,1
7 (age),1
Discussions,1
Laws in India,1
Thyroid,1
Culture of Great Britain,1
British English,1
Priyanka Gandhi Vadra (Indian Politician),1
Cancer Patients,1
Bacteria,1
College and University Students,1
Theology,1
Mix and Match,1
Visas to China,1
Plasma (Blood),1
Attitude,1
Conservatives (general),1
Wedding Invitations,1
Brothers,1
Weddings,1
Magnets,1
Magnetic Fields,1
Vacations,1
Hate,1
Email,1
Wait,1
Shari Tenpenny,1
"Cleveland, OH",1
Registered Nurses (RN),1
G7 Leaders,1
2022 (year),1
Weary,1
Anti Vaxxers,1
Hispanic Ethnicity and People,1
African Americans,1
Healthcare Industry,1
Red States (US Politics),1
Blue States (US Politics),1
Quora (company),1
Maintaining a Healthy Weight,1
Healthy Weight Gain,1
Weight Gain,1
Weight Loss and Fitness,1
Body Weight,1
Doctors in India,1
Jobs and Careers in Healthcare and Medicine,1
Deaths Due to COVID-19,1
Equal Rights,1
Public Places,1
SIM Cards,1
Computer Security,1
Immigration Policy,1
Oil and Fuel Prices,1
"Houston, TX",1
HI Vaccine,1
Fourth Amendment to the U.S. Constitution,1
Fifth Amendment to the U.S. Constitution,1
Amendments,1
Vaccinate,1
Markets (economics),1
Vaccine Immunity,1
Superiority,1
Molecules,1
Genetically Modified Foods,1
Factories,1
Berlin,1
Visiting and Travel in the United States of America,1
Growing Up,1
Right Shoulders,1
Left Shoulders,1
Medical Reason,1
Vaccine Lottery & Sweepstakes,1
States and Territories of the USA,1
Illinois (state),1
Scholarships and Fellowships,1
Civil Liberties,1
Academic Fraud,1
Andrew Wakefield,1
"Giveaways, Sweepstakes and Contests",1
Promotions (marketing),1
Huffingtonpost.com (website),1
Responsibility,1
Ingestion,1
Uselessness,1
Contagion (2011 movie),1
Movie Scenes,1
Movie Story and Plot Themes,1
Movies,1
Nursing Schools,1
Credibility,1
Facebook (company),1
Supply Chain,1
Government of Canada,1
U.S. Supreme Court,1
Judging People,1
Heart Diseases,1
Pushing People,1
Right (as opposed to wrong),1
Expiration Dates and Product Expiration,1
Transportation,1
Public Transportation,1
Mortality,1
Predictions (general),1
People,1
Health and Exercise,1
